cycle,method,ratio_T3_T0,GBM_OE,weighted_T0_OE,weighted_T3_OE,weighted_ratio
2017-2020,No adjustment,0.780 (0.758–0.804),0.831,0.755,0.649,0.858
2017-2020,CDC bridging,0.960 (0.930–0.993),0.985,0.755,0.808,1.069
2017-2020,Quantile mapping,1.043 (1.009–1.081),0.924,0.755,0.882,1.168
2017-2020,Location-scale,1.013 (0.979–1.049),0.919,0.755,0.856,1.133
2021-2023,No adjustment,0.888 (0.862–0.917),0.877,0.823,0.735,0.893
2021-2023,CDC bridging,1.533 (1.470–1.599),1.196,0.823,1.287,1.564
2021-2023,Quantile mapping,1.084 (1.048–1.125),0.856,0.823,0.909,1.104
2021-2023,Location-scale,1.056 (1.021–1.096),0.858,0.823,0.884,1.074
NC 2013-2014,No adjustment,0.941 (0.905–0.978),,,,
NC 2013-2014,Quantile mapping,1.015 (0.975–1.057),,,,
