cycle,group,OE_unadj,OE_QM_this_group,dOE_QM,OE_CDC_this_group,dOE_CDC
2017-2020,"Electrolytes (Na, K, Cl, HCO3)",0.712,0.865,0.154,0.712,0.0
2017-2020,Sodium,0.712,0.745,0.033,0.712,0.0
2017-2020,Potassium,0.712,0.738,0.026,0.712,0.0
2017-2020,Chloride,0.712,0.799,0.088,0.712,0.0
2017-2020,Bicarbonate,0.712,0.708,-0.004,0.712,0.0
2017-2020,Albumin,0.712,0.803,0.091,0.774,0.063
2017-2020,Total protein,0.712,0.712,0.0,,
2017-2020,Calcium,0.712,0.679,-0.033,,
2017-2020,Phosphate,0.712,0.694,-0.018,,
2017-2020,Uric acid,0.712,0.708,-0.004,0.759,0.047
2017-2020,Glucose,0.712,0.708,-0.003,0.712,0.0
2017-2020,"Lipids (cholesterol, triglycerides)",0.712,0.714,0.002,0.72,0.008
2017-2020,"Liver enzymes (ALT, AST, ALP)",0.712,0.747,0.035,0.742,0.031
2021-2023,"Electrolytes (Na, K, Cl, HCO3)",0.741,0.961,0.22,1.004,0.263
2021-2023,Sodium,0.741,0.74,-0.001,0.747,0.006
2021-2023,Potassium,0.741,0.764,0.023,0.782,0.041
2021-2023,Chloride,0.741,0.841,0.101,0.771,0.03
2021-2023,Bicarbonate,0.741,0.818,0.077,0.9,0.159
2021-2023,Albumin,0.741,0.822,0.081,0.813,0.072
2021-2023,Total protein,0.741,0.742,0.001,,
2021-2023,Calcium,0.741,0.732,-0.009,,
2021-2023,Phosphate,0.741,0.717,-0.024,,
2021-2023,Uric acid,0.741,0.635,-0.106,0.786,0.046
2021-2023,Glucose,0.741,0.737,-0.004,0.744,0.003
2021-2023,"Lipids (cholesterol, triglycerides)",0.741,0.739,-0.002,0.751,0.01
2021-2023,"Liver enzymes (ALT, AST, ALP)",0.741,0.781,0.04,0.776,0.035
