cycle,analysis,OE,T3/T0,n,events
2017-2020,"All, no adjustment",0.712,0.780 (0.758–0.804),8150,606
2017-2020,"All, QM (sex-age strata)",0.952,1.043 (1.011–1.077),8150,606
2017-2020,"All, QM (sex-age-fasting strata)",0.95,1.041 (1.006–1.074),8150,606
2017-2020,"Fasting >=8 h, no adjustment",0.677,0.761 (0.731–0.792),4640,315
2017-2020,"Fasting >=8 h, QM (fasting reference)",0.931,1.046 (0.997–1.094),4640,315
2021-2023,"All, no adjustment",0.741,0.888 (0.860–0.917),5611,447
2021-2023,"All, QM (sex-age strata)",0.904,1.084 (1.044–1.126),5611,447
2021-2023,"All, QM (sex-age-fasting strata)",0.902,1.081 (1.044–1.125),5611,447
2021-2023,"Fasting >=8 h, no adjustment",0.721,0.902 (0.868–0.942),3377,261
2021-2023,"Fasting >=8 h, QM (fasting reference)",0.888,1.110 (1.058–1.163),3377,261
