update_data,kind,events,AUC,OE,intercept,slope,ICI,E50,E90
none,-,-,0.904 (0.890–0.916),0.741 (0.685–0.798),-0.496 (-0.597–-0.375),0.958 (0.893–1.049),0.027,0.006,0.1
all 2017-2020,intercept,606,0.904 (0.890–0.916),1.073 (0.995–1.154),0.111 (0.010–0.232),0.959 (0.893–1.049),0.006,0.003,0.015
all 2017-2020,logistic,606,0.904 (0.890–0.916),1.070 (0.992–1.151),0.105 (0.007–0.223),0.994 (0.926–1.087),0.007,0.002,0.014
random 2017-2020 sample (~50 events),intercept,50,-,1.064 (0.872–1.214),,0.959,,,
random 2017-2020 sample (~50 events),logistic,50,-,1.063 (0.872–1.247),,0.965,,,
random 2017-2020 sample (~100 events),intercept,100,-,1.049 (0.892–1.215),,0.959,,,
random 2017-2020 sample (~100 events),logistic,100,-,1.049 (0.883–1.210),,0.972,,,
random 2017-2020 sample (~250 events),intercept,250,-,1.069 (1.009–1.162),,0.959,,,
random 2017-2020 sample (~250 events),logistic,250,-,1.065 (1.007–1.158),,0.994,,,
random 2017-2020 sample (~500 events),intercept,500,-,1.072 (1.047–1.096),,0.959,,,
random 2017-2020 sample (~500 events),logistic,500,-,1.068 (1.047–1.093),,0.997,,,
