period,Development,Development,Validation,Validation
y,0,1,0,1
hemoglobin_si,0.22,0.17,0.19,0.28
hematocrit_si,0.22,0.17,0.19,0.28
mcv_si,0.22,0.17,0.19,0.28
rdw_si,0.22,0.17,0.19,0.28
wbc_si,0.22,0.17,0.19,0.28
platelets_si,0.23,0.17,0.19,0.28
glucose_si,0.0,0.0,0.04,0.09
sodium_si,0.01,0.0,0.0,0.0
potassium_si,0.02,0.09,0.58,0.38
albumin_si,0.0,0.0,0.0,0.0
total_protein_si,0.14,0.09,0.02,0.0
calcium_si,0.2,0.09,0.04,0.0
phosphorus_si,0.01,0.0,0.14,0.19
uric_acid_si,0.03,0.17,0.02,0.0
chloride_si,0.01,0.0,0.0,0.0
bicarbonate_si,0.01,0.0,0.03,0.0
cholesterol_si,0.03,0.17,0.0,0.0
triglycerides_si,0.07,0.17,0.02,0.0
alt_si,0.05,0.0,0.07,0.0
ast_si,0.07,0.0,0.4,0.28
alp_si,0.03,0.0,0.02,0.0
hba1c_si,0.1,0.17,0.07,0.19
