cycle,rep,AUC
2011-2012,0,0.48087695935957264
2011-2012,1,0.4989679872230519
2011-2012,2,0.5069224266054161
2011-2012,3,0.5235165514072462
2011-2012,4,0.5062344420766546
2013-2014,0,0.5089294724740815
2013-2014,1,0.5085123192557013
2013-2014,2,0.49913883973887524
2013-2014,3,0.5055539944215478
2013-2014,4,0.5076346009654371
2015-2016,0,0.4904729101455396
2015-2016,1,0.4915427528814816
2015-2016,2,0.4911375135302699
2015-2016,3,0.5002655855871201
2015-2016,4,0.5123915610664487
2017-2020,0,0.4849902042017299
2017-2020,1,0.5098248538903398
2017-2020,2,0.5018761801788258
2017-2020,3,0.5072202694362824
2017-2020,4,0.5041078667156145
2021-2023,0,0.497153285524725
2021-2023,1,0.49428908664010407
2021-2023,2,0.49439180732994936
2021-2023,3,0.4991470121019803
2021-2023,4,0.5110710315166223
