cycle,contrast,ratio
2017-2020,T1/T0,1.022 (1.006–1.038)
2017-2020,TR/T0,0.958 (0.942–0.974)
2017-2020,T3/T0,0.781 (0.758–0.804)
2017-2020,OE change T3: CDC chained minus unadjusted,0.165 (0.155–0.175)
2017-2020,OE change T3: Quantile mapping minus unadjusted,0.241 (0.226–0.256)
2017-2020,OE change T3: Location-scale minus unadjusted,0.213 (0.200–0.226)
2017-2020,|OE-1| QM minus |OE-1| CDC (T3),-0.075 (-0.081–-0.064)
2021-2023,T1/T0,1.078 (1.060–1.096)
2021-2023,TR/T0,1.017 (0.997–1.035)
2021-2023,T3/T0,0.888 (0.862–0.917)
2021-2023,OE change T3: CDC chained minus unadjusted,0.539 (0.495–0.583)
2021-2023,OE change T3: Quantile mapping minus unadjusted,0.164 (0.151–0.178)
2021-2023,OE change T3: Location-scale minus unadjusted,0.141 (0.129–0.152)
2021-2023,|OE-1| QM minus |OE-1| CDC (T3),-0.186 (-0.356–-0.015)
