analyte,ref_2015_16,raw_2017_20,cdc_2017_20,qm_2017_20,raw_2021_23,cdc_chained_2021_23,cdc_single_2021_23,qm_2021_23
albumin,43.0,41.0,42.917,44.0,41.0,42.917,42.917,43.0
alp,66.0,74.0,67.323,65.0,81.0,67.179,73.698,65.0
alt,21.0,17.0,19.909,21.0,18.0,20.011,20.922,20.0
ast,23.0,19.0,23.104,23.0,20.0,24.122,24.122,23.0
bicarbonate,25.0,25.0,25.0,25.0,25.0,26.92,25.0,26.0
chloride,103.0,101.0,101.0,104.0,102.0,102.875,102.0,105.0
cholesterol,4.862,4.681,4.839,4.862,4.784,4.947,4.947,4.862
ggt,20.0,21.0,19.251,21.0,20.0,18.336,18.447,20.0
glucose,5.162,5.162,5.162,5.217,5.272,5.055,5.272,5.272
iron,13.791,14.686,13.552,14.686,15.224,13.662,14.078,15.224
ldh,126.0,154.0,134.009,154.0,160.0,138.379,139.15,160.0
potassium,3.92,4.1,4.1,4.0,4.1,3.995,4.1,4.0
sodium,139.0,141.0,141.0,140.0,140.0,139.712,140.0,140.0
triglycerides,1.355,1.264,1.142,1.332,1.219,1.075,1.098,1.344
uric_acid,315.244,315.244,307.737,321.192,303.348,296.646,296.646,321.192
potassium,3.92,4.1,4.1,4.0,4.1,3.995,4.1,4.0
sodium,139.0,141.0,141.0,140.0,140.0,139.712,140.0,140.0
chloride,103.0,101.0,101.0,104.0,102.0,102.875,102.0,105.0
