cycle,method,tier,AUC,OE,intercept,slope,ICI,E50,E90
2017-2020,Unadjusted,T0,0.865 (0.852–0.878),0.912 (0.854–0.977),-0.120 (-0.214–-0.033),0.984 (0.911–1.066),0.008,0.003,0.028
2017-2020,Unadjusted,T1,0.888 (0.876–0.899),0.932 (0.875–0.995),-0.098 (-0.187–-0.006),1.012 (0.945–1.094),0.006,0.003,0.014
2017-2020,Unadjusted,TR,0.890 (0.878–0.901),0.874 (0.820–0.930),-0.191 (-0.287–-0.100),1.002 (0.935–1.084),0.011,0.006,0.033
2017-2020,Unadjusted,T3,0.925 (0.914–0.935),0.712 (0.672–0.753),-0.607 (-0.696–-0.513),0.965 (0.909–1.033),0.029,0.004,0.115
2017-2020,CDC chained,TR,0.890 (0.877–0.901),0.935 (0.877–0.995),-0.095 (-0.190–-0.003),1.001 (0.934–1.082),0.005,0.003,0.014
2017-2020,CDC chained,T3,0.924 (0.914–0.934),0.876 (0.827–0.927),-0.227 (-0.316–-0.133),0.978 (0.923–1.047),0.011,0.001,0.038
2017-2020,Quantile mapping,TR,0.891 (0.879–0.902),0.927 (0.870–0.987),-0.107 (-0.201–-0.015),1.013 (0.947–1.097),0.006,0.003,0.014
2017-2020,Quantile mapping,T3,0.924 (0.914–0.934),0.952 (0.899–1.008),-0.084 (-0.170–0.014),0.979 (0.920–1.045),0.005,0.002,0.018
2017-2020,Location-scale,TR,0.890 (0.878–0.902),0.920 (0.864–0.980),-0.118 (-0.211–-0.026),1.009 (0.943–1.093),0.006,0.005,0.016
2017-2020,Location-scale,T3,0.925 (0.914–0.934),0.924 (0.874–0.978),-0.135 (-0.223–-0.040),0.977 (0.920–1.044),0.007,0.001,0.023
2021-2023,Unadjusted,T0,0.844 (0.827–0.859),0.834 (0.765–0.908),-0.232 (-0.342–-0.135),1.036 (0.941–1.147),0.016,0.006,0.035
2021-2023,Unadjusted,T1,0.862 (0.847–0.877),0.899 (0.828–0.975),-0.142 (-0.245–-0.039),1.021 (0.948–1.112),0.009,0.003,0.023
2021-2023,Unadjusted,TR,0.867 (0.852–0.882),0.848 (0.780–0.918),-0.226 (-0.331–-0.122),1.004 (0.930–1.094),0.014,0.003,0.037
2021-2023,Unadjusted,T3,0.904 (0.891–0.916),0.741 (0.683–0.799),-0.496 (-0.621–-0.388),0.958 (0.888–1.035),0.027,0.006,0.1
2021-2023,CDC chained,TR,0.867 (0.852–0.882),0.923 (0.850–0.998),-0.109 (-0.214–-0.005),1.004 (0.930–1.093),0.007,0.002,0.019
2021-2023,CDC chained,T3,0.903 (0.890–0.916),1.279 (1.181–1.380),0.379 (0.255–0.488),0.976 (0.907–1.054),0.018,0.011,0.037
2021-2023,Quantile mapping,TR,0.869 (0.853–0.883),0.902 (0.830–0.976),-0.141 (-0.245–-0.038),1.017 (0.943–1.108),0.009,0.002,0.023
2021-2023,Quantile mapping,T3,0.904 (0.891–0.917),0.904 (0.835–0.976),-0.164 (-0.291–-0.053),0.942 (0.871–1.017),0.011,0.003,0.037
2021-2023,Location-scale,TR,0.868 (0.853–0.882),0.892 (0.822–0.965),-0.155 (-0.260–-0.051),1.007 (0.934–1.096),0.01,0.003,0.024
2021-2023,Location-scale,T3,0.904 (0.890–0.916),0.881 (0.813–0.950),-0.209 (-0.337–-0.098),0.926 (0.859–1.003),0.012,0.003,0.05
