transition,analyte,univariate_domain_AUC,median_before,median_after
2013-2014->2015-2016,albumin,0.555,43.0,43.0
2013-2014->2015-2016,alt,0.51,20.0,21.0
2013-2014->2015-2016,ast,0.534,22.0,23.0
2013-2014->2015-2016,alp,0.549,63.0,66.0
2013-2014->2015-2016,uric_acid,0.505,315.244,315.244
2013-2014->2015-2016,cholesterol,0.519,4.81,4.862
2013-2014->2015-2016,triglycerides,0.51,1.321,1.355
2013-2014->2015-2016,potassium,0.562,4.0,3.92
2013-2014->2015-2016,sodium,0.65,140.0,139.0
2013-2014->2015-2016,chloride,0.603,104.0,103.0
2013-2014->2015-2016,calcium,0.586,2.345,2.32
2013-2014->2015-2016,total_protein,0.562,71.0,72.0
2013-2014->2015-2016,phosphorus,0.563,1.227,1.195
2013-2014->2015-2016,bicarbonate,0.598,25.0,25.0
2013-2014->2015-2016,glucose,0.513,5.217,5.162
2013-2014->2015-2016,bun,0.59,4.284,4.998
2013-2014->2015-2016,creatinine,0.535,75.157,73.389
2015-2016->2017-2020,albumin,0.711,43.0,41.0
2015-2016->2017-2020,alt,0.609,21.0,17.0
2015-2016->2017-2020,ast,0.685,23.0,19.0
2015-2016->2017-2020,alp,0.609,66.0,74.0
2015-2016->2017-2020,uric_acid,0.501,315.244,315.244
2015-2016->2017-2020,cholesterol,0.549,4.862,4.681
2015-2016->2017-2020,triglycerides,0.535,1.355,1.264
2015-2016->2017-2020,potassium,0.626,3.92,4.1
2015-2016->2017-2020,sodium,0.723,139.0,141.0
2015-2016->2017-2020,chloride,0.685,103.0,101.0
2015-2016->2017-2020,calcium,0.561,2.32,2.32
2015-2016->2017-2020,total_protein,0.522,72.0,72.0
2015-2016->2017-2020,phosphorus,0.569,1.195,1.162
2015-2016->2017-2020,bicarbonate,0.616,25.0,25.0
2015-2016->2017-2020,glucose,0.506,5.162,5.162
2015-2016->2017-2020,bun,0.513,4.998,4.998
2015-2016->2017-2020,creatinine,0.523,73.389,74.273
2017-2020->2021-2023,albumin,0.516,41.0,41.0
2017-2020->2021-2023,alt,0.504,17.0,18.0
2017-2020->2021-2023,ast,0.541,19.0,20.0
2017-2020->2021-2023,alp,0.576,74.0,81.0
2017-2020->2021-2023,uric_acid,0.548,315.244,303.348
2017-2020->2021-2023,cholesterol,0.527,4.681,4.784
2017-2020->2021-2023,triglycerides,0.515,1.264,1.219
2017-2020->2021-2023,potassium,0.515,4.1,4.1
2017-2020->2021-2023,sodium,0.633,141.0,140.0
2017-2020->2021-2023,chloride,0.505,101.0,102.0
2017-2020->2021-2023,calcium,0.604,2.32,2.345
2017-2020->2021-2023,total_protein,0.508,72.0,71.0
2017-2020->2021-2023,phosphorus,0.522,1.162,1.13
2017-2020->2021-2023,bicarbonate,0.608,25.0,25.0
2017-2020->2021-2023,glucose,0.546,5.162,5.272
2017-2020->2021-2023,bun,0.514,4.998,4.998
2017-2020->2021-2023,creatinine,0.507,74.273,75.157
