feature,mean_abs_SHAP
age,1.4942669341709427
uric_acid_si,0.5751358204787036
alt_si,0.15792199416590652
hemoglobin_si,0.1517307917412463
potassium_si,0.11904977625436235
rdw_si,0.09837924804644389
calcium_si,0.07147075770191008
bicarbonate_si,0.06898700856278665
albumin_si,0.06758698125488666
alp_si,0.06416163416618571
platelets_si,0.05293127001788592
triglycerides_si,0.05170230032787757
ast_si,0.04744184638475551
hba1c_si,0.04658142331456767
hematocrit_si,0.04380731132710489
mcv_si,0.03933519837283486
phosphorus_si,0.03456013707673876
glucose_si,0.030982845471485942
cholesterol_si,0.026668256962455332
wbc_si,0.022943911309714272
chloride_si,0.018645937960306724
sex_female,0.01762907270107621
total_protein_si,0.014233013021246134
sodium_si,0.013867254614537208
