group,tier,n,events,AUC,lo,hi
All,T0,13761,1105,0.857,0.848,0.868
All,T1,13761,1105,0.878,0.869,0.886
All,T3,13761,1105,0.916,0.909,0.924
Age <60,T0,8409,120,0.795,0.762,0.821
Age <60,T1,8409,120,0.837,0.806,0.869
Age <60,T3,8409,120,0.892,0.863,0.918
Age ≥60,T0,5352,985,0.706,0.687,0.723
Age ≥60,T1,5352,985,0.755,0.738,0.769
Age ≥60,T3,5352,985,0.839,0.825,0.853
Age ≥70,T0,2522,694,0.629,0.607,0.654
Age ≥70,T1,2522,694,0.707,0.687,0.729
Age ≥70,T3,2522,694,0.813,0.794,0.833
Diabetes,T0,1958,377,0.75,0.725,0.775
Diabetes,T1,1958,377,0.81,0.788,0.83
Diabetes,T3,1958,377,0.878,0.857,0.895
