,Dev-0,Dev-1,Val-0,Val-1
n,14782,1163,12656,1105
female%,50.9,52.0,52.4,52.6
diabetes%,10.9,35.3,12.5,34.1
htn%,31.7,76.8,33.5,74.1
"Age, years",45 (31–60),74 (65–80),50 (34–63),73 (66–80)
eGFR,100.7 (86.6–114.2),49.5 (40.4–55.6),98.1 (84.2–111.2),51.0 (43.2–56.2)
"Haemoglobin, g/L",140 (131–150),131 (120–142),141 (131–150),132 (121–142)
"Albumin, g/L",43 (41–45),41 (39–43),41 (39–43),39 (37–41)
"Uric acid, µmol/L",309 (256–369),393 (333–452),303 (250–363),381 (321–446)
"Potassium, mmol/L",3.9 (3.7–4.1),4.2 (3.9–4.5),4.1 (3.9–4.3),4.3 (4.0–4.5)
"Glucose, mmol/L",5.16 (4.72–5.77),5.66 (5.05–7.10),5.16 (4.83–5.66),5.61 (5.05–6.55)
"Bicarbonate, mmol/L",25 (24–26),25 (23–27),25 (24–27),25 (23–27)
