feature,std_coef,OR_per_SD
age,1.75,5.757
uric_acid_si,0.929,2.533
hemoglobin_si,-0.877,0.416
alt_si,-0.415,0.66
bicarbonate_si,-0.385,0.681
hematocrit_si,0.368,1.444
potassium_si,0.289,1.335
albumin_si,-0.282,0.754
calcium_si,0.224,1.251
chloride_si,-0.212,0.809
sodium_si,0.19,1.209
mcv_si,0.141,1.152
phosphorus_si,0.126,1.135
platelets_si,-0.12,0.887
cholesterol_si,-0.099,0.906
sex_female,0.088,1.092
triglycerides_si,0.081,1.085
glucose_si,0.072,1.075
hba1c_si,0.067,1.069
alp_si,0.054,1.055
total_protein_si,-0.021,0.979
wbc_si,0.02,1.02
ast_si,-0.014,0.986
rdw_si,0.0,1.0
