Model,Algorithm,n_features,AUC,AUC_95CI,Brier,Calib_intercept,Calib_slope,O_E
T0 Age+Sex,LR,2,0.857,0.848-0.867,0.0622,-0.107,1.008,0.921
T0 Age+Sex,GBM,2,0.853,0.843-0.863,0.0623,-0.09,1.068,0.932
T1 +CBC,LR,8,0.878,0.869-0.888,0.0588,-0.052,1.017,0.963
T1 +CBC,GBM,8,0.875,0.866-0.885,0.0588,-0.09,1.05,0.936
T2 +Glu/Na/K,LR,11,0.88,0.871-0.890,0.0577,-0.18,0.989,0.882
T2 +Glu/Na/K,GBM,11,0.88,0.872-0.890,0.0576,-0.167,0.989,0.89
T3 Extended (no Cr/BUN),LR,24,0.916,0.908-0.925,0.0508,-0.478,0.961,0.759
T3 Extended (no Cr/BUN),GBM,24,0.912,0.905-0.920,0.0501,-0.189,0.979,0.892
T3s Extended minus Phos/UA/HCO3,LR,21,0.888,0.880-0.898,0.0571,-0.317,0.993,0.807
T3s Extended minus Phos/UA/HCO3,GBM,21,0.887,0.879-0.897,0.0571,-0.277,0.964,0.831
T4 Extended + BUN,LR,25,0.935,0.928-0.942,0.0461,-0.682,0.954,0.71
T4 Extended + BUN,GBM,25,0.932,0.924-0.939,0.0461,-0.463,0.915,0.793
