Outcome,Tier,prevalence_test,AUC,O_E
eGFR<60,T0 Age+Sex,7.7,0.856,0.878
eGFR<60,T1 +CBC,7.7,0.878,0.918
eGFR<60,T2 +Glu/Na/K,7.7,0.88,0.875
eGFR<60,T3 Extended,7.7,0.914,1.011
eGFR<60,T3s minus Phos/UA/HCO3,7.7,0.888,0.932
eGFR<60,T4 T3+BUN,7.7,0.935,0.852
Age-adapted (75/60/45),T0 Age+Sex,4.2,0.706,0.805
Age-adapted (75/60/45),T1 +CBC,4.2,0.761,0.857
Age-adapted (75/60/45),T2 +Glu/Na/K,4.2,0.757,0.807
Age-adapted (75/60/45),T3 Extended,4.2,0.824,0.989
Age-adapted (75/60/45),T3s minus Phos/UA/HCO3,4.2,0.772,0.837
Age-adapted (75/60/45),T4 T3+BUN,4.2,0.876,0.818
