analyte,CVI,CVG,bias_optimal,bias_desirable,bias_minimum,CDC_observed_diff_pct,exceeds_minimum,source
albumin,2.5,4.3,0.62,1.24,1.87,-4.42,True,EFLM BVD meta-analysis
calcium,1.8,2.2,0.36,0.71,1.07,-2.12,True,EFLM BVD
glucose,4.7,8.0,1.16,2.32,3.48,2.41,False,EFLM BVD
potassium,3.9,5.5,0.84,1.69,2.53,-1.398,False,EFLM BVD
sodium,0.5,0.8,0.12,0.24,0.35,0.8,True,EFLM BVD
total_protein,2.6,3.7,0.57,1.13,1.7,0.36,False,EFLM BVD
chloride,1.0,1.3,0.21,0.41,0.62,-1.44,True,EFLM 2025 update (Bio-Rad)
cholesterol,5.4,15.6,2.06,4.13,6.19,-3.21,False,EFLM 2025 update (Bio-Rad)
triglycerides,19.8,34.3,4.95,9.9,14.85,13.44,False,EFLM 2025 update (Bio-Rad)
alt,12.6,30.0,4.07,8.13,12.2,-15.46,True,EFLM 2025 update (Bio-Rad)
ast,8.4,19.4,2.64,5.29,7.93,-18.03,True,EFLM 2025 update (Bio-Rad)
uric_acid,8.3,23.6,3.13,6.25,9.38,2.37,False,EFLM BVD (Diaz-Garzon 2021 Table)
phosphorus,7.8,10.7,1.66,3.31,4.97,-1.8,False,EFLM BVD (Diaz-Garzon 2021 Table)
hba1c,1.2,5.4,0.69,1.38,2.07,,,EFLM meta-analysis 2020
alp,6.0,21.0,2.73,5.46,8.19,9.74,True,"PROXY: ALP liver-type, EFLM BVD"
bicarbonate,4.0,4.8,0.78,1.56,2.34,1.74,False,"PROXY: actual bicarbonate (whole blood), EFLM BVD"
